id,google_id,email,first_name,last_name
1,user1,alice@gmail.com,Alice,Camley
2,user2,bob@gmail.com,Robert,Strauss
3,user3,carol@gmail.com,Carol,Hirose
4,user4,dan@gmail.com,Daniel,Dubois
5,user5,eve@gmail.com,Eve,Butler
6,user6,frank@gmail.com,Francesco,Mengoni
7,user7,grace@gmail.com,Grace,Park
8,user8,heidi@gmail.com,Heidi,Smith
9,user9,ivan@gmail.com,Ivan,Shevchenko
10,user10,judy@gmail.com,Judy,Schroeder
11,user11,kris@gmail.com,Kris,Ramos
12,user12,lee@gmail.com,Lee,Baldwin
13,user13,mike@gmail.com,Michael,Tatanka
14,user14,naomi@gmail.com,Naomi,Elson
15,user15,olivia@gmail.com,Olivia,Abbas
16,user16,payton@gmail.com,Payton,Wu
17,user17,quincy@gmail.com,Quincy,McTavish
18,user18,rebecca@gmail.com,Rebecca,Zhang
19,user19,sam@gmail.com,Samuel,Odoh
20,user20,tracy@gmail.com,Tracy,Thompson